{"config_name": "clock_0days",
 "long": {"backwards_tp": true,
          "delay_between_fills_minutes_close": 1415.4766191502267,
          "delay_between_fills_minutes_entry": 706.4507133525224,
          "delay_weight_close": 115.81969704719417,
          "delay_weight_entry": 8.297457869641185,
          "ema_dist_close": 1.0,
          "ema_dist_entry": 0.0007672723518865162,
          "ema_span_0": 1092.014065186695,
          "ema_span_1": 1191.2184753620586,
          "enabled": true,
          "markup_range": 0.029055749896635,
          "min_markup": 1.0,
          "n_close_orders": 0,
          "qty_pct_close": 0.027061318432745403,
          "qty_pct_entry": 0.01,
          "wallet_exposure_limit": 1,
          "we_multiplier_close": 0,
          "we_multiplier_entry": 109.44546342182869},
 "short": {"backwards_tp": true,
           "delay_between_fills_minutes_close": 1440,
           "delay_between_fills_minutes_entry": 191.19240382987437,
           "delay_weight_close": 0,
           "delay_weight_entry": 17.482739014267075,
           "ema_dist_close": 1.0,
           "ema_dist_entry": -0.00801278803261438,
           "ema_span_0": 1064.5299305169988,
           "ema_span_1": 186.35743373063164,
           "enabled": true,
           "markup_range": 0.0021587840178932593,
           "min_markup": 1.0,
           "n_close_orders": 0,
           "qty_pct_close": 0.01,
           "qty_pct_entry": 0.01102212543842145,
           "wallet_exposure_limit": 1,
           "we_multiplier_close": 0,
           "we_multiplier_entry": 63.81824000335414}}