{"config_name": "clock_0days",
 "long": {"backwards_tp": true,
          "delay_between_fills_minutes_close": 428.1255678317163,
          "delay_between_fills_minutes_entry": 1020.3126059534779,
          "delay_weight_close": 0,
          "delay_weight_entry": 27.6762175648927,
          "ema_dist_close": 1.0,
          "ema_dist_entry": 0.002432188034940844,
          "ema_span_0": 1186.7091131714062,
          "ema_span_1": 308.425820417172,
          "enabled": true,
          "markup_range": 0.0044703296031718305,
          "min_markup": 1.0,
          "n_close_orders": 0,
          "qty_pct_close": 0.023016738220679973,
          "qty_pct_entry": 0.03052166142137339,
          "wallet_exposure_limit": 1,
          "we_multiplier_close": 0,
          "we_multiplier_entry": 112.67370863572513},
 "short": {"backwards_tp": true,
           "delay_between_fills_minutes_close": 1307.019314559715,
           "delay_between_fills_minutes_entry": 653.953257740688,
           "delay_weight_close": 0.020512884215006164,
           "delay_weight_entry": 13.796136985452245,
           "ema_dist_close": 1.0,
           "ema_dist_entry": -0.003004176793756325,
           "ema_span_0": 370.8240372588388,
           "ema_span_1": 1360.4451544154604,
           "enabled": true,
           "markup_range": 0.008058934001927186,
           "min_markup": 1.0,
           "n_close_orders": 0,
           "qty_pct_close": 0.022740345438618113,
           "qty_pct_entry": 0.010085550746708036,
           "wallet_exposure_limit": 1,
           "we_multiplier_close": 0,
           "we_multiplier_entry": 167.8133669269197}}