{"config_name": "clock_0days",
 "long": {"backwards_tp": true,
          "delay_between_fills_minutes_close": 1223.0778926407195,
          "delay_between_fills_minutes_entry": 1211.8723792360327,
          "delay_weight_close": 181.0944028295491,
          "delay_weight_entry": 10.054335359929162,
          "ema_dist_close": 1.0,
          "ema_dist_entry": 0.003,
          "ema_span_0": 1398.045113876903,
          "ema_span_1": 1209.9308279419768,
          "enabled": true,
          "markup_range": 0.014412820544061863,
          "min_markup": 1.0,
          "n_close_orders": 0,
          "qty_pct_close": 0.019607232237955307,
          "qty_pct_entry": 0.013172678553426662,
          "wallet_exposure_limit": 1,
          "we_multiplier_close": 0,
          "we_multiplier_entry": 177.93018802492642},
 "short": {"backwards_tp": true,
           "delay_between_fills_minutes_close": 1419.3681953317264,
           "delay_between_fills_minutes_entry": 949.7582136248457,
           "delay_weight_close": 0,
           "delay_weight_entry": 5.993259951119919,
           "ema_dist_close": 1.0,
           "ema_dist_entry": 0.0013932774268357545,
           "ema_span_0": 1335.3588648499172,
           "ema_span_1": 1402.781858622177,
           "enabled": true,
           "markup_range": 0.020861917732366606,
           "min_markup": 1.0,
           "n_close_orders": 0,
           "qty_pct_close": 0.01160728853883714,
           "qty_pct_entry": 0.013320927011980751,
           "wallet_exposure_limit": 1,
           "we_multiplier_close": 0,
           "we_multiplier_entry": 66.06437067665581}}