{"config_name": "clock_0days",
 "long": {"backwards_tp": true,
          "delay_between_fills_minutes_close": 1179.7280087113754,
          "delay_between_fills_minutes_entry": 1284.60392455469,
          "delay_weight_close": 0.006957758271094393,
          "delay_weight_entry": 8.875300900035153,
          "ema_dist_close": 1.0,
          "ema_dist_entry": 0.0007094464083540439,
          "ema_span_0": 304.2307206440774,
          "ema_span_1": 1377.2450636765802,
          "enabled": true,
          "markup_range": 0.037172715547152235,
          "min_markup": 1.0,
          "n_close_orders": 0,
          "qty_pct_close": 0.024034722592318546,
          "qty_pct_entry": 0.010020902677824501,
          "wallet_exposure_limit": 1,
          "we_multiplier_close": 0,
          "we_multiplier_entry": 41.473154247652154},
 "short": {"backwards_tp": true,
           "delay_between_fills_minutes_close": 1366.2010167453532,
           "delay_between_fills_minutes_entry": 728.2205652072594,
           "delay_weight_close": 28.895741006493193,
           "delay_weight_entry": 7.580643415398916,
           "ema_dist_close": 1.0,
           "ema_dist_entry": -0.0008612977117820695,
           "ema_span_0": 889.1884424616683,
           "ema_span_1": 1439.9763910981835,
           "enabled": true,
           "markup_range": 0.010686245415641343,
           "min_markup": 1.0,
           "n_close_orders": 0,
           "qty_pct_close": 0.011361932861245578,
           "qty_pct_entry": 0.014535701566413988,
           "wallet_exposure_limit": 1,
           "we_multiplier_close": 0,
           "we_multiplier_entry": 138.24771051500588}}