{"config_name": "clock_0days",
 "long": {"backwards_tp": true,
          "delay_between_fills_minutes_close": 439.00016419324993,
          "delay_between_fills_minutes_entry": 440.0949270219656,
          "delay_weight_close": 191.35775192181134,
          "delay_weight_entry": 6.416221545272737,
          "ema_dist_close": 1.0,
          "ema_dist_entry": 0.0007263784808430327,
          "ema_span_0": 1439.7763853671572,
          "ema_span_1": 1222.4873339433693,
          "enabled": true,
          "markup_range": 0.038990198567215376,
          "min_markup": 1.0,
          "n_close_orders": 0,
          "qty_pct_close": 0.012721660552696308,
          "qty_pct_entry": 0.016669797323504366,
          "wallet_exposure_limit": 1,
          "we_multiplier_close": 0,
          "we_multiplier_entry": 17.26988697077915},
 "short": {"backwards_tp": true,
           "delay_between_fills_minutes_close": 1204.1449985761906,
           "delay_between_fills_minutes_entry": 873.061756104161,
           "delay_weight_close": 0.010445935568171137,
           "delay_weight_entry": 5.138144540798944,
           "ema_dist_close": 1.0,
           "ema_dist_entry": 0.0010695670729325482,
           "ema_span_0": 425.290720643452,
           "ema_span_1": 1253.8013647217017,
           "enabled": true,
           "markup_range": 0.010484965839469597,
           "min_markup": 1.0,
           "n_close_orders": 0,
           "qty_pct_close": 0.017601227159240746,
           "qty_pct_entry": 0.011151819676311642,
           "wallet_exposure_limit": 1,
           "we_multiplier_close": 0,
           "we_multiplier_entry": 126.05170271354785}}