{"config_name": "clock_0days",
 "long": {"backwards_tp": true,
          "delay_between_fills_minutes_close": 697.2517374915684,
          "delay_between_fills_minutes_entry": 1326.7724636094358,
          "delay_weight_close": 0,
          "delay_weight_entry": 13.016289413197239,
          "ema_dist_close": 1.0,
          "ema_dist_entry": 0.0029958216757751013,
          "ema_span_0": 418.6603855836227,
          "ema_span_1": 1402.8136504158322,
          "enabled": true,
          "markup_range": 0.039981915879769014,
          "min_markup": 1.0,
          "n_close_orders": 0,
          "qty_pct_close": 0.028341219069209948,
          "qty_pct_entry": 0.010020814973062633,
          "wallet_exposure_limit": 1,
          "we_multiplier_close": 0,
          "we_multiplier_entry": 132.31471408415237},
 "short": {"backwards_tp": true,
           "delay_between_fills_minutes_close": 978.2507414314681,
           "delay_between_fills_minutes_entry": 1154.0389085564852,
           "delay_weight_close": 0,
           "delay_weight_entry": 7.539913056276089,
           "ema_dist_close": 1.0,
           "ema_dist_entry": 0.0015231624816697638,
           "ema_span_0": 1052.654104226266,
           "ema_span_1": 1256.787933407298,
           "enabled": true,
           "markup_range": 0.007089305859496759,
           "min_markup": 1.0,
           "n_close_orders": 0,
           "qty_pct_close": 0.01573959984873916,
           "qty_pct_entry": 0.011902917794555922,
           "wallet_exposure_limit": 1,
           "we_multiplier_close": 0,
           "we_multiplier_entry": 77.79797998903146}}