{"config_name": "clock_0days",
 "long": {"backwards_tp": true,
          "delay_between_fills_minutes_close": 900.6434715296722,
          "delay_between_fills_minutes_entry": 437.1359562332893,
          "delay_weight_close": 0.3378518485587337,
          "delay_weight_entry": 7.6187300166760314,
          "ema_dist_close": 1.0,
          "ema_dist_entry": 0.0002669455829231584,
          "ema_span_0": 1231.8263799201459,
          "ema_span_1": 1133.3598628417076,
          "enabled": true,
          "markup_range": 0.008180927310623837,
          "min_markup": 1.0,
          "n_close_orders": 0,
          "qty_pct_close": 0.011617399760387533,
          "qty_pct_entry": 0.012314147444247798,
          "wallet_exposure_limit": 1,
          "we_multiplier_close": 0,
          "we_multiplier_entry": 23.912289371316724},
 "short": {"backwards_tp": true,
           "delay_between_fills_minutes_close": 1361.3829198305211,
           "delay_between_fills_minutes_entry": 1219.279591456189,
           "delay_weight_close": 0.3348514840431439,
           "delay_weight_entry": 12.91453996510379,
           "ema_dist_close": 1.0,
           "ema_dist_entry": -0.005530156698171049,
           "ema_span_0": 1374.74347222861,
           "ema_span_1": 1383.3036289419174,
           "enabled": true,
           "markup_range": 0.019804971012252728,
           "min_markup": 1.0,
           "n_close_orders": 0,
           "qty_pct_close": 0.012135429719471893,
           "qty_pct_entry": 0.016248079717038764,
           "wallet_exposure_limit": 1,
           "we_multiplier_close": 0,
           "we_multiplier_entry": 45.82878953386566}}