{"config_name": "clock_0days",
 "long": {"backwards_tp": true,
          "delay_between_fills_minutes_close": 1232.5220846625134,
          "delay_between_fills_minutes_entry": 820.657185238993,
          "delay_weight_close": 63.96094273465101,
          "delay_weight_entry": 19.628003736185466,
          "ema_dist_close": 1.0,
          "ema_dist_entry": -0.001819981012122943,
          "ema_span_0": 108.20307388492667,
          "ema_span_1": 1204.3620799496837,
          "enabled": true,
          "markup_range": 0.011617801570215275,
          "min_markup": 1.0,
          "n_close_orders": 0,
          "qty_pct_close": 0.011392737635854655,
          "qty_pct_entry": 0.01,
          "wallet_exposure_limit": 1,
          "we_multiplier_close": 0,
          "we_multiplier_entry": 77.36156216654105},
 "short": {"backwards_tp": true,
           "delay_between_fills_minutes_close": 368.2531839242053,
           "delay_between_fills_minutes_entry": 867.3868120351816,
           "delay_weight_close": 1.9866284580944271,
           "delay_weight_entry": 19.283557163979577,
           "ema_dist_close": 1.0,
           "ema_dist_entry": 0.002567179774583164,
           "ema_span_0": 581.669830496756,
           "ema_span_1": 1215.2543676367134,
           "enabled": true,
           "markup_range": 0.03972007965115998,
           "min_markup": 1.0,
           "n_close_orders": 0,
           "qty_pct_close": 0.021668757652386877,
           "qty_pct_entry": 0.010007655295823634,
           "wallet_exposure_limit": 1,
           "we_multiplier_close": 0,
           "we_multiplier_entry": 43.20090558944298}}