{"config_name": "clock_0days",
 "long": {"backwards_tp": true,
          "delay_between_fills_minutes_close": 1232.5220846625134,
          "delay_between_fills_minutes_entry": 820.657185238993,
          "delay_weight_close": 63.96094273465101,
          "delay_weight_entry": 19.628003736185466,
          "ema_dist_close": 1.0,
          "ema_dist_entry": -0.001819981012122943,
          "ema_span_0": 108.20307388492667,
          "ema_span_1": 1204.3620799496837,
          "enabled": true,
          "markup_range": 0.011617801570215275,
          "min_markup": 1.0,
          "n_close_orders": 0,
          "qty_pct_close": 0.011392737635854655,
          "qty_pct_entry": 0.01,
          "wallet_exposure_limit": 1,
          "we_multiplier_close": 0,
          "we_multiplier_entry": 77.36156216654105},
 "short": {"backwards_tp": true,
           "delay_between_fills_minutes_close": 1252.2377211044766,
           "delay_between_fills_minutes_entry": 456.8567792614926,
           "delay_weight_close": 111.31424031800533,
           "delay_weight_entry": 8.150723722751966,
           "ema_dist_close": 1.0,
           "ema_dist_entry": -0.0106842031343546,
           "ema_span_0": 858.3554547371218,
           "ema_span_1": 875.3620077180436,
           "enabled": true,
           "markup_range": 0.004270423444869209,
           "min_markup": 1.0,
           "n_close_orders": 0,
           "qty_pct_close": 0.020179856499235357,
           "qty_pct_entry": 0.012905784319531927,
           "wallet_exposure_limit": 1,
           "we_multiplier_close": 0,
           "we_multiplier_entry": 155.67847540196703}}