{"config_name": "clock_0days",
 "long": {"backwards_tp": true,
          "delay_between_fills_minutes_close": 1169.569946690815,
          "delay_between_fills_minutes_entry": 1391.784176252429,
          "delay_weight_close": 0,
          "delay_weight_entry": 10.942577884115867,
          "ema_dist_close": 1.0,
          "ema_dist_entry": -0.0007804186216880663,
          "ema_span_0": 1232.8370985273812,
          "ema_span_1": 1247.875276839197,
          "enabled": true,
          "markup_range": 0.017465223417877134,
          "min_markup": 1.0,
          "n_close_orders": 0,
          "qty_pct_close": 0.01003505439156168,
          "qty_pct_entry": 0.010893900798745968,
          "wallet_exposure_limit": 1,
          "we_multiplier_close": 0,
          "we_multiplier_entry": 101.73666221272448},
 "short": {"backwards_tp": true,
           "delay_between_fills_minutes_close": 1311.2800741343915,
           "delay_between_fills_minutes_entry": 638.8391083763729,
           "delay_weight_close": 133.647975628159,
           "delay_weight_entry": 7.583058161838663,
           "ema_dist_close": 1.0,
           "ema_dist_entry": -0.008194172920880831,
           "ema_span_0": 1392.1429092034766,
           "ema_span_1": 1101.148714316817,
           "enabled": true,
           "markup_range": 0.022826224873933917,
           "min_markup": 1.0,
           "n_close_orders": 0,
           "qty_pct_close": 0.02104111794330178,
           "qty_pct_entry": 0.010520038684975131,
           "wallet_exposure_limit": 1,
           "we_multiplier_close": 0,
           "we_multiplier_entry": 160.74235718948003}}