{"config_name": "clock_0days",
 "long": {"backwards_tp": true,
          "delay_between_fills_minutes_close": 920.6056579996,
          "delay_between_fills_minutes_entry": 1437.6284652413917,
          "delay_weight_close": 0.01579626414854123,
          "delay_weight_entry": 13.516242484034885,
          "ema_dist_close": 1.0,
          "ema_dist_entry": 0.002996472343776722,
          "ema_span_0": 1253.4100539733,
          "ema_span_1": 1399.113124548724,
          "enabled": true,
          "markup_range": 0.030289197650493413,
          "min_markup": 1.0,
          "n_close_orders": 0,
          "qty_pct_close": 0.01,
          "qty_pct_entry": 0.010000758633169609,
          "wallet_exposure_limit": 1,
          "we_multiplier_close": 0,
          "we_multiplier_entry": 28.76228665136357},
 "short": {"backwards_tp": true,
           "delay_between_fills_minutes_close": 1124.7256456109674,
           "delay_between_fills_minutes_entry": 1359.7656432899482,
           "delay_weight_close": 0.04875597666512468,
           "delay_weight_entry": 23.080377708939743,
           "ema_dist_close": 1.0,
           "ema_dist_entry": -0.0008579840051976194,
           "ema_span_0": 236.41978445733523,
           "ema_span_1": 1360.4774057467107,
           "enabled": true,
           "markup_range": 0.012176318809307604,
           "min_markup": 1.0,
           "n_close_orders": 0,
           "qty_pct_close": 0.016192344617926895,
           "qty_pct_entry": 0.01,
           "wallet_exposure_limit": 1,
           "we_multiplier_close": 0,
           "we_multiplier_entry": 88.49024047647512}}